Sufijo,Apodo,Prefijo,Extra
Game,Pablito,Guru,88
Pixel,John,Excentrico,Xx
xX,Vale,Pioneer,_
_,Mati,LiveStreamer,777
Hero,Ignacio,GanG,2004
Gamer,momo,Pro,23
Sorcerer,Chica,Plays,86
Lolero,Gran,Empress,_LaDinastia
~,Fan,eSports,☆☆☆
Spider,DeMessi,Minecraftero,boy
Creeper,Kawaii,Rojito,pororoca
Magic,Carlitos,Bestia,_007
ElPibe,JuanCruz,IWNL,OMG
Pathfinder,Rubius,Velez,KeyDrop
Pop,Chico,Xeneize,CSGO
Master,Marcelito,CABJ,53
Frusciante,Matias,Anime,(͡° ͜ʖ ͡°)
Kru,Stefano,FreeFire,←←←
Hincha,Velez,Fornite,♫♫
Davo,‎ Debu,Fan,(ง︡'-'︠)ง
